Full,WR,SpType,l_,"vmag
mag",u_,"b-v
mag",u_,"(b-v)0
mag","Av
mag","Mv(WR)
mag","dM
mag","d
kpc","z
pc",Note
1,1,WN4,,10.51,,0.51,,-0.15,2.72,-3.51,,1.82,60,
2,2,WN2,,11.33,,0.13,,-0.3,1.75,-2.42,,2.51,-106,*
3,3,WN3+O4,,10.7,,-0.06,,-0.26,0.82,-3.09,-0.27,5.94,-429,*
4,4,WC5+?,,10.53,,0.2,,-0.27,1.93,-3.34,,2.44,-127,*
5,5,WC6,,11.02,,0.47,,-0.32,3.24,-3.63,,1.91,-72,*
6,6,WN4,,6.94,,-0.07,,-0.2,0.53,-3.52,,0.97,-170,*
7,7,WN4,,11.68,,0.38,,-0.2,2.38,-3.52,,3.67,-8,*
8,7a,WN4/WC,,,,,,,,,,,,
9,8,WN7/WCE+?,,10.48,,0.47,,-0.17,2.64,,,3.47,-229,
10,9,WC5+O7,,10.93,,0.74,,-0.38,4.59,-3.34,-0.71,1.47,-124,*
11,10,"WN5ha (+A2V, VB)",,11.08,,0.22,,-0.27,2,-2.85,-1.04,4.61,47,*
12,11,WC8+O7.5III-V,,1.74,,-0.32,,-0.34,0.08,-3.68,-1.47,0.26,-35,*
13,12,WN8h+?,,10.99,,0.42,,-0.3,2.96,-5.48,,5.04,-173,*
14,13,WC6,,13.78,,0.82,,-0.32,4.67,-3.63,,3.53,-47,
15,14,WC7+?,,9.42,,0.13,,-0.33,1.9,-3.98,,2,-57,
16,15,WC6,,11.72,,0.72,,-0.36,4.41,-3.63,,1.54,-29,
17,16,WN8h,,8.44,,0.3,,-0.2,2.05,-5.48,,2.37,-105,
18,17,WC5,,11.03,,0.14,,-0.27,1.68,-3.34,,3.45,-222,
19,18,WN4,,11.11,,0.55,,-0.16,2.92,-3.52,,2.2,-37,
20,19,WC4pd+O9.6,,13.75,,1.06,,-0.27,5.45,-3.34,-0.37,3.3,-69,*
21,19a,WN7:(h),,17.45,,1.71,,-0.18,7.75,-5.41,,10.52,-185,
22,20,WN5,,14.45,,0.88,,-0.2,4.43,-4.05,,6.52,-209,
23,20a,WN7:h/WC,,14.14,,1.38,,-0.27,6.76,-6.42,,5.75,-34,
24,20b,WN6:h,,15.4,,1.69,,-0.19,7.71,-4.09,,2.27,-14,
25,21,WN5+O4-6,,9.76,,0.27,,-0.29,2.3,-4.05,-1.09,3.88,-61,*
26,21a,WN6+O/a,,12.8,),,,-0.25,,-4.09,,,,
27,22,WN7h+O9III-V,,6.44,,0.03,,-0.2,0.94,-6.69,2.8,3.24,-48,
28,23,WC6,,9.67,,-0.05,,-0.32,1.09,-3.97,,3.24,-2,
29,24,WN6ha,,6.49,,-0.06,,-0.21,0.62,-6.68,,3.24,-61,
30,25,WN6h+O4f,,8.14,,0.17,,-0.27,1.79,-6.2,,3.24,-40,*
31,26,WN7/WCE,,14.61,,0.92,,,,,,,,
32,27,WC6+a,,14.96,,1.29,,-0.32,6.6,-3.63,,2.5,5,
33,28,WN6(h)+OB?,,12.98,,0.77,,-0.19,3.94,-4.09,-1.86,10.81,28,*
34,29,WN7h+O,,12.65,,0.65,,-0.2,3.49,-5.41,-1.31,17.17,-303,*
35,30,WC6+O6-8,,11.73,,0.27,,-0.35,2.54,-3.63,-0.47,5.83,-265,*
36,30a,WO4+O5-5.5,,13.33,,0.79,,-0.25,4.26,-2.8,-2.48,7.77,-187,*
37,31,WN4+O8V,,10.69,,0.28,,-0.27,2.26,-3.52,-0.57,4.05,1,*
38,31a,WN11h,,9.75,),0.65,),-0.34,,-6.71,,8,-113,*
39,31b,WN11h,,7.09,),0.49,),-0.34,,-6.71,,6.1,-75,*
40,31c,WC6+OB,,16.37,,0.96,,-0.32,5.25,-3.63,,8.91,-112,
41,32,WC5+OB?,,15.9,,1.29,,-0.27,6.4,-3.34,-0.33,5.68,2,*
42,33,WC5,,12.35,,0.16,,-0.27,1.76,-3.34,,6.11,203,
43,34,WN5,,14.5,,0.76,,-0.2,3.94,-4.05,,8.36,-203,
44,35,WN6h+OB?,,13.83,,0.59,,-0.2,3.24,-4.09,-1.29,17.87,-371,*
45,35a,WN6h,,13.92,,0.86,,-0.2,4.35,-4.09,,5.4,-6,
46,35b,WN4,,14.49,,1.27,,-0.27,6.31,-3.52,,2.19,-9,
47,36,WN5-6+OB?,,13.57,,0.68,,-0.19,3.57,-4.09,0.46,8.46,83,*
48,37,WN4,,15.77,,1.23,,-0.2,5.86,-3.52,,4.85,-89,
49,38,WC4,,15.41,,0.93,,-0.27,4.92,-3.34,,5.83,-94,
50,38a,WN5,,16.21,,0.83,,-0.49,5.41,-4.7,,12.1,-194,
51,38b,WC7+OB,,16.21,,1.5,,-0.31,7.42,-4.52,1.43,5.65,-89,*
52,39,WC7+OB?,,14.5,,1.26,,-0.35,6.61,-4.52,-0.92,5.53,-87,*
53,40,WN8h,,7.85,,0.11,,-0.27,1.56,-5.48,,2.26,-190,
54,41,WC5+OB?,,14.8,,0.8,,-0.27,4.39,-3.34,1.05,6.61,-119,*
55,42,WC7+O7V,,8.25,,-0.06,,-0.36,1.25,-4.52,-0.12,2.92,-25,*
56,42a,WN5,,17.61,,1.46,,-0.2,6.81,-4.05,,9.33,-80,
57,42b,WN4,,16.96,,2.43,,-0.2,10.78,-3.52,,0.87,-23,
58,42c,WN5,,16.56,,1.36,,-0.2,6.4,-4.05,,6.95,-47,
59,42d,WN5,,15.28,,1.33,,-0.2,6.27,-4.05,,4.09,-34,
60,43a,WN6ha,,11.9,,0.74,,-0.28,4.17,-7.3,,10.1,-92,*
61,43b,WN6ha,,11.97,,0.74,,-0.28,4.17,-7.23,,10.1,-92,*
62,43c,WN6ha,,12.37,,0.74,,-0.28,4.17,-6.83,,10.1,-92,*
63,44,WN4+OB?,,12.96,,0.37,,-0.2,2.34,-3.52,-0.19,9.96,219,*
64,44a,WN4,,16.2,,1.55,,-0.2,7.18,-3.52,,3.24,-31,
65,45,WC6,,14.8,,1.12,,-0.32,5.9,-3.63,,3.21,-34,
66,45a,WN5,,16.69,,1.19,,-0.2,5.7,-4.05,,10.19,85,
67,45b,WN4,,18.08,,1.4,,-0.2,6.56,-3.52,,10.19,-69,
68,45c,WN5,,15.44,,0.91,,-0.2,4.55,-4.05,,9.73,-92,
69,46,WN3p+OB?,,10.87,,-0.03,,-0.29,1.05,-3.12,2.4,4.07,24,*
70,46a,WN4,,16,,1.04,,-0.2,5.08,-3.52,,7.71,-155,
71,47,WN6+O5V,,11.08,,0.76,,-0.21,3.96,-4.16,-1.34,3.8,-15,*
72,47a,WN8h,,15.98,,1.73,,-0.27,8.2,-5.48,,4.49,-102,
73,47b,WN9h,,17.05,,1.93,,-0.34,9.31,-6.71,,7.77,-106,
74,47c,WC5,,16.09,,1.4,,-0.27,6.85,-3.34,,3.28,-52,
75,48,WC6 (+O9.5/B0Iab VB),,5.88,,-0.12,,-0.35,0.93,-3.62,-3.15,2.27,-99,*
76,48b,WC9d,,15.96,,1.07,,-0.45,6.23,-4.62,,7.41,-127,
77,48a,WC8ed+?,,16.8,),1.7,),-0.35,10.13,-3.74,,1.21,2,*
78,48c,WN3h+WC4,,13.98,,0.39,,,,,,,,
79,49,WN5(h),,13.84,,0.34,,-0.2,2.21,-4.05,,13.68,-604,
80,50,WC7+OB,,12.49,,0.68,,-0.24,3.77,-4.52,0.73,5.47,27,*
81,51,WN4+OB?,,14.64,,1.04,,-0.22,5.16,-3.52,-1.22,8.05,34,*
82,52,WC4,,9.86,,0.29,,-0.27,2.3,-3.34,,1.51,120,*
83,53,WC8d,,10.88,,0.42,,-0.36,3.2,-3.74,,1.92,15,
84,54,WN5,,12.99,,0.46,,-0.2,2.71,-4.05,,7.35,-321,
85,55,WN7,,10.87,,0.4,,-0.18,2.38,-5.41,,6.03,17,*
86,56,WC7,,13.87,,0.44,,-0.33,3.16,-4.52,,11.12,-316,
87,56a,WN5,,15.91,,1.32,,-0.2,6.23,-4.05,,5.57,135,
88,57,WC8,,10.02,,0.1,,-0.36,1.89,-3.74,,2.37,-208,
89,58,WN4/WCE,,13.05,,0.57,,,,,,,,
90,59,WC9d,,13.9,,1.24,,-0.45,6.93,-4.62,,2.08,21,
91,60,WC8,,13.25,,1.04,,-0.36,5.74,-3.74,,1.78,23,
92,61,WN5,,12.41,,0.36,,-0.2,2.3,-4.05,,6.79,-463,
93,62,WN6,,14.22,,1.6,,-0.19,7.34,-4.09,,1.56,-20,
94,62a,WN4,,13.8,,1.24,,-0.2,5.9,-3.52,,1.92,-32,
95,62b,WN5,,17.26,,1.77,,-0.2,8.08,-4.05,,4.43,-100,
96,63,WN7+OB,,12.83,,1.27,,-0.2,6.03,-5.41,0.05,3.87,-26,*
97,64,WC7,,15.57,,0.16,,-0.33,2.01,-4.52,,41.3,2032,
98,65,WC9d+OB?,,14.5,,1.41,,-0.45,7.62,-4.73,-0.37,3.27,-68,*
99,66,WN8(h)+cc?,,11.66,,0.73,,-0.24,3.99,-4.9,,3.27,-104,
100,67,WN6+OB?,,12.12,,0.87,,-0.13,4.08,-3.41,-0.64,3.27,-68,*
101,68,WC7,,14.09,,0.97,,-0.34,5.38,-3.86,,3.27,-107,
102,68a,WN6,,14.41,,1.46,,-0.19,6.77,-4.09,,2.23,-25,
103,69,WC9d+OB,,9.43,,0.14,,-0.45,2.42,-4.62,0.58,2.67,-224,*
104,70,WC9vd+B0I,,10.1,,0.96,,-0.45,5.78,-4.62,-2.35,1.91,-60,*
105,70a,WN6,,16.9,,1.23,,-0.19,5.82,-4.09,,10.81,-160,
106,71,WN6+OB?,,10.23,,-0.05,,-0.19,0.57,-4.09,-0.46,8.95,-1185,*
107,73,WC9d,,15.23,,1.23,,-0.45,6.89,-4.62,,3.91,231,
108,74,WN7,,13.98,,1.58,,-0.22,7.36,-5.41,,2.55,-28,
109,75,WN6,,11.23,,0.71,,-0.18,3.63,-4.09,,2.18,-56,*
110,75a,WC9,,14.51,,1.53,,-0.45,8.12,-4.62,,1.59,-24,
111,75b,WC9,,16.09,,1.71,,-0.45,8.86,-4.62,,2.34,13,
112,76,WC9d,,15.46,,1.12,,-0.45,6.44,-4.62,,5.35,58,
113,77,WC8+OB,,13,,0.61,,-0.35,3.94,-3.74,-0.53,5.89,-112,*
114,78,WN7h,,6.61,,0.2,,-0.2,1.67,-6.56,,1.99,50,
115,79,WC7+O5-8,,6.95,,0.01,,-0.37,1.54,-5.42,0.17,1.99,40,*
116,79a,WN9ha,,5.29,,0.15,,-0.2,1.42,-7.63,,1.99,52,
117,79b,WN9ha,,8.32,,0.55,,-0.15,2.88,-7.38,,2.9,-48,*
118,80,WC9d,,14.63,,1.6,,-0.45,8.41,-4.62,,1.5,-50,
119,81,WC9,,12.71,,1.1,,-0.45,6.36,-4.62,,1.57,-71,
120,82,WN7(h),,12.41,,0.85,,-0.18,4.22,-5.41,,5.25,-213,
121,83,WN5,,12.79,,0.79,,-0.2,4.06,-4.05,,3.6,-258,
122,84,WN7,,13.55,,1.06,,-0.18,5.08,-5.41,,5.97,-22,
123,85,WN6h+OB?,,10.6,,0.57,,-0.17,3.02,-4.09,-1.41,4.66,-50,*
124,86,WC7 (+B0III-I VB),,9.63,,0.43,,-0.34,3.16,-4.52,-0.9,2.86,92,*
125,87,WN7h+OB,,12.59,,1.58,,-0.17,7.21,-5.41,-1.2,2.88,-39,*
126,88,WC9,,13.25,,1,,-0.47,6.03,-4.62,,2.33,83,
127,89,WN8h+OB,,11.53,,1.22,,-0.3,6.25,-6.06,-0.37,2.88,-39,*
128,90,WC7,,7.45,,-0.12,,-0.33,0.86,-4.52,,1.64,-136,
129,91,WN7,,15.76,,1.5,,-0.18,6.89,-5.41,,7.18,-134,
130,92,WC9,,10.43,,0.07,,-0.45,2.13,-4.62,,3.84,-296,
131,93,WC7+O7-9,,11.45,,1.15,,-0.27,5.84,-4.83,-0.02,1.74,25,*
132,93a,WN2.5-3,,13.9,),,,,,,,,,
133,94,WN5,,12.27,,0.74,,-0.2,3.85,-4.05,,3.12,-14,
134,95,WC9d,,14,,1.29,,-0.51,7.37,-4.97,,2.09,-26,
135,96,WC9d,,14.14,,1.01,,-0.45,5.99,-4.62,,3.58,-27,
136,97,WN5+O7,,11.14,,0.68,,-0.29,3.98,-4.05,-1.89,4.52,-88,*
137,98,WN8/WC7,,12.51,,1.08,,,,,,,,
138,98a,WC8-9vd+?,,19.7,),2.96,:,-0.4,13.79,-4.18,-0.92,1.9,-1,*
139,100,WN7,,13.44,,1.17,,-0.18,5.54,-5.41,,4.61,-101,
140,101,WC8,,16.4,,1.5,,-0.36,7.63,-3.74,,3.18,-79,
141,101a,WC9,,42.1,,7.4,,-0.45,32.2,-4.62,,8,-7,
142,101b,WN9-11,,40.6,,7.51,,-0.34,32.2,-6.71,,8,-7,
143,101c,WN9-11,,40.6,,7.51,,-0.34,32.2,-6.71,,8,-7,
144,101d,WC9,,42.1,,7.4,,-0.45,32.2,-4.62,,8,-7,
145,101e,WN9-10,,40.6,,7.51,,-0.34,32.2,-6.71,,8,-7,
146,101f,WN9-10+?,,40.6,,7.51,,-0.34,32.2,-6.71,,8,-7,
147,101g,WC9,,42.1,,7.4,,-0.45,32.2,-4.62,,8,-7,
148,101h,WC9,,42.1,,7.4,,-0.45,32.2,-4.62,,8,-7,
149,101i,WN9-11,,40.6,,7.51,,-0.34,32.2,-6.71,,8,-6,
150,101j,WN9-11,,40.6,,7.51,,-0.34,32.2,-6.71,,8,-7,
151,101k,WN9-11+?,,40.6,,7.51,,-0.34,32.2,-6.71,,8,-7,
152,101l,WN9-11,,40.6,,7.51,,-0.34,32.2,-6.71,,8,-7,
153,101m,WN9-11,,40.6,,7.51,,-0.34,32.2,-6.71,,8,-7,
154,101n,WC9,,42.1,,7.4,,-0.45,32.2,-4.62,,8,-7,
155,101o,WC9,,42.1,,7.4,,-0.45,32.2,-4.62,,8,-7,
156,102,WO2,,15.1,,0.77,,-0.25,4.18,-2.8,,5.56,137,
157,102a,WN8,,41.2,,7.58,,-0.27,32.2,-5.48,,8,3,
158,102b,WN6,,42.6,,7.66,,-0.19,32.2,-4.09,,8,-10,
159,102c,WN6,,42.6,,7.66,,-0.19,32.2,-4.09,,8,-6,
160,102d,WN9,,40.6,,7.51,,-0.34,32.2,-6.71,,8,-8,
161,102e,WC8,,43,,7.49,,-0.36,32.2,-3.74,,8,-8,
162,102f,WC$<$8,,43,,7.5,,-0.35,32.2,-3.74,,8,-8,
163,102g,WC$<$8,,43,,7.5,,-0.35,32.2,-3.74,,8,-8,
164,102h,WC9,,42.1,,7.4,,-0.45,32.2,-4.62,,8,-10,
165,102i,WN9,,40.6,,7.51,,-0.34,32.2,-6.71,,8,-10,
166,102j,WN9,,40.6,,7.51,,-0.34,32.2,-6.71,,8,-10,
167,102k,WC$<$8,,43,,7.5,,-0.35,32.2,-3.74,,8,-10,
168,102l,WN8,,15.53,,1.8,,-0.27,8.49,-5.48,,3.19,13,
169,103,WC9d+?,,8.86,,-0.02,,-0.45,1.76,-4.62,,2.21,-188,
170,104,WC9d+B0.5V (+VB),,13.54,,1.31,,-0.45,7.22,-4.16,-0.95,2.3,-20,*
171,105,WN9h,,12.92,,1.84,:,-0.26,8.63,-6.71,,1.58,-14,
172,106,WC9d,,12.33,,0.8,,-0.45,5.13,-4.62,,2.32,8,
173,107,WN8,,14.1,,1.32,:,-0.27,6.52,-5.48,,4.09,-11,
174,107a,WC6,,16.43,,1.32,,-0.32,6.72,-3.63,,4.66,-34,
175,108,WN9h+OB,,10.16,,0.8,,-0.11,3.72,-6.71,0.38,5.57,-83,*
176,109,WN5h+?,,14.48,,0,,-0.2,0.82,-4.05,,34.83,-4359,
177,110,WN5-6,,10.3,,0.75,,-0.18,3.83,-4.07,,1.28,9,
178,111,WC5,,8.23,,-0.02,,-0.28,1.05,-3.82,,1.58,-17,*
179,112,WC9d+OB?,,18.8,,1.3,,-0.45,12.24,-4.62,-1.71,4.15,-86,*
180,113,WC8d+O8-9IV,,9.43,,0.46,,-0.33,3.23,-3.3,-1.52,1.79,55,*
181,114,WC5+OB?,,12.95,,0.91,,-0.26,4.81,-2.85,0.56,2,-5,*
182,115,WN6+OB?,,12.32,,1.1,,-0.2,5.36,-3.37,-0.72,2,-36,*
183,116,WN8h,,13.38,,1.41,,-0.27,6.89,-5.48,,2.48,-14,*
184,117,WC9d,,14.19,,1.15,,-0.41,6.41,-4.62,,3.02,79,
185,118,WC9d,,22,),3,),-0.45,14.15,-4.62,,3.13,-11,
186,119,WC9d,,12.41,,0.63,,-0.45,4.43,-4.62,,3.31,-111,
187,120,WN7,,12.3,,1.02,,-0.18,4.95,-5.41,,3.56,18,
188,121,WC9d,,12.41,,0.97,,-0.43,5.72,-4.62,,1.83,-4,
189,121a,WN7+a/OB?,,38.49,,7.04,,-0.2,29.7,,,5.3,-3,
190,123,WN8,,11.26,,0.43,,-0.27,2.87,-5.48,,5.94,-492,*
191,124,WN8h,,11.58,,0.81,,-0.27,4.43,-5.48,,3.36,194,*
192,125,WC7ed+O9III,,13.52,,1.32,,-0.34,6.81,-4.52,-0.76,3.06,57,*
193,126,WC5/WN,,13.29,,0.7,,-0.25,3.9,-3.83,,4.41,162,
194,127,WN3+O9.5V,,10.33,,0.15,,-0.26,1.65,-3.99,0.45,4.41,133,*
195,128,WN4(h)+OB?,,10.54,,-0.01,,-0.2,0.78,-3.52,-1.29,9.37,-619,*
196,129,WN4,,13.27,,0.55,,-0.2,3.08,-3.52,1.15,6.44,274,*
197,130,WN8(h),,12.6,,1.18,,-0.27,5.95,-5.48,,2.68,46,
198,131,WN7h+OB,,12.36,,0.73,,-0.2,3.81,-5.41,-1.05,11.78,352,*
199,132,WC6+?,,13.49,,0.7,,-0.32,4.18,-3.63,,3.87,74,*
200,133,WN5+O9I,,6.7,,0,,-0.31,1.28,-4.03,-2.05,2.14,77,*
201,134,WN6,,8.23,,0.2,,-0.21,1.69,-4.66,,1.74,47,*
202,135,WC8,,8.36,,-0.03,,-0.37,1.4,-4.24,,1.74,39,
203,136,WN6(h),,7.65,,0.23,,-0.24,1.92,-4.77,,1.26,53,
204,137,WC7pd+O9,,8.15,,0.14,,-0.34,1.97,-4.52,-0.73,2.38,44,*
205,138,WN5+B?,,8.1,,0.22,,-0.3,2.14,-3.88,-0.39,1.26,24,*
206,139,WN5+O6III-V,,8.1,,0.38,,-0.31,2.83,-5.24,-0.24,1.9,47,*
207,140,WC7pd+O4-5,,7.07,,0.27,,-0.34,2.5,-4.52,-0.64,1.1,80,*
208,141,WN5+O5V-III,,10.14,,0.71,,-0.29,4.1,-3.86,0.3,1.26,2,*
209,142,WO2,,13.82,,1.39,,-0.25,6.74,-2.8,,0.95,5,
210,143,WC4+OB?,,11.95,,1.21,,-0.27,6.07,-3.34,-0.32,1.07,-1,*
211,144,WC4,,15.49,,2.01,,-0.27,9.33,-3.34,,0.79,13,
212,145,WN7/WCE+?,,12.55,,1.63,,,,,,,,
213,145a,WNE+cc,>,23.9,),21.1,),-0.2,,,,9,108,*
214,146,WC6+O8,,13.91,,2.38,,-0.35,11.19,-3.63,-2.85,0.72,6,*
215,147,WN8(h)+B0.5V,,14.89,,2.15,,-0.27,11.6,-5.48,1.27,0.65,-4,*
216,148,WN8h+B3IV/BH,,10.46,,0.36,,-0.27,2.58,-5.48,-0.81,8.28,933,*
217,149,WN5,,14.7,,1.2,,-0.2,5.74,-4.05,,4,45,
218,150,WC5,,13.47,,0.53,,-0.27,3.28,-3.34,,5.08,-220,
219,151,WN4+O5V,,12.37,,0.65,,-0.27,3.77,-3.52,-1.4,5.7,138,*
220,152,WN3(h),,11.67,,0.17,,-0.23,1.62,-2.15,,2.75,-43,
221,153ab,WN6/WCE+O6I,,9.08,,0.27,,-0.29,2.28,-3.96,-1.1,2.75,-31,*
222,154,WC6,,11.54,,0.36,,-0.29,2.65,-3.31,,2.75,-57,
223,155,WN6+O9II-Ib,,8.75,,0.28,,-0.26,2.22,-2.8,-2.79,2.75,-62,*
224,156,WN8h+OB?,,11.09,,0.83,,-0.27,4.51,-5.48,0.11,3.56,57,*
225,157,WN5 (+B1II VB),,9.91,,0.46,,-0.25,2.93,-4.07,-1.31,3.39,-14,*
226,158,WN7h+Be?,,11.46,,0.75,,-0.2,3.9,-5.41,-1.21,7.94,14,*